{"stats":{"minecraft:crafted":{"minecraft:crafting_table":1,"minecraft:bowl":4,"minecraft:birch_planks":4,"minecraft:campfire":1,"minecraft:stone_axe":1,"minecraft:air":212,"minecraft:stick":8},"minecraft:used":{"apocalypsenow:hand_axe":8,"apocalypsenow:butterfly_knife":13,"minecraft:iron_sword":228,"embellishcraft:air_duct":1,"farmersdelight:melon_juice":3,"minecraft:rotten_flesh":7,"minecraft:torch":16,"apocalypsenow:grape_juice":2,"apocalypsenow:orange_juice":1,"embellishcraft:smooth_marble":2,"minecraft:lantern":1,"minecraft:egg":2,"apocalypsenow:night_stick":47,"farmersdelight:shepherds_pie":1,"apocalypsenow:electric_baton":74,"minecraft:glass_bottle":11,"minecraft:stone_pickaxe":79,"minecraft:wooden_pickaxe":6,"biomesoplenty:fir_planks":51,"minecraft:cookie":2,"minecraft:crafting_table":4,"minecraft:campfire":1,"minecraft:spruce_log":2,"minecraft:redstone_torch":2,"cgm:grenade":4,"minecraft:spruce_sapling":1,"minecraft:stone_axe":10,"minecraft:potion":5},"minecraft:picked_up":{"minecraft:charcoal":2,"minecraft:crafting_table":2,"car:wheel":1,"minecraft:leather_leggings":2,"immersiveengineering:craftingtable":1,"minecraft:string":111,"car:big_wheel":2,"farmersdelight:cabbage":2,"biomesoplenty:fir_planks":2,"apocalypsenow:construction_boots":2,"minecraft:redstone_torch":2,"minecraft:sugar_cane":3,"apocalypsenow:construction_barricade":2,"cfm:cyan_kitchen_counter":1,"minecraft:stick":20,"embellishcraft:smooth_marble":4,"minecraft:torch":9,"minecraft:bowl":1,"immersiveengineering:ingot_electrum":5,"sophisticatedbackpacks:backpack":1,"minecraft:carrot":1,"apocalypsenow:fire_figther_leggings":1,"minecraft:rotten_flesh":87,"createdeco:cast_iron_trapdoor":2,"minecraft:iron_block":1,"minecraft:cyan_terracotta":3,"minecraft:iron_bars":3,"apocalypsenow:fire_figther_chestplate":1,"minecraft:cobblestone":17,"tac:round45":6,"minecraft:leather_chestplate":1,"minecraft:iron_door":3,"biomesoplenty:fir_sapling":23,"create:framed_glass_trapdoor":3,"apocalypsenow:butterfly_knife":1,"biomesoplenty:fir_log":108,"farmersdelight:shepherds_pie":1,"car:engine_3_cylinder":1,"apocalypsenow:construction_chestplate":1,"minecraft:dirt":4,"minecraft:stripped_birch_log":3,"minecraft:lantern":1,"minecraft:leather_boots":1,"apocalypsenow:u_sarmy_leggings":1,"minecraft:bone":124,"apocalypsenow:construction_leggings":1,"apocalypsenow:human_flesh":10,"minecraft:wheat_seeds":3,"apocalypsenow:money":2,"minecraft:iron_ingot":1,"minecraft:glass_bottle":7,"tac:9mm_round":27,"minecraft:iron_sword":4,"quark:light_gray_shard":7,"firstaid:plaster":19,"apocalypsenow:u_sarmy_chestplate":1,"car:repair_kit":2,"immersiveengineering:raw_aluminum":6,"apocalypsenow:vodka":1,"minecraft:spruce_sapling":5,"createbigcannons:traffic_cone":2,"minecraft:spruce_log":9,"immersiveengineering:electron_tube":2,"minecraft:leather_helmet":1,"immersiveengineering:seed":1,"embellishcraft:air_duct":1,"minecraft:coal":27,"rocks:cobblestone_splitter":1},"minecraft:killed_by":{"minecraft:husk":1,"minecraft:player":2,"zombie_extreme:runner":1,"alexsmobs:bison":6,"minecraft:zombie":3},"minecraft:broken":{"minecraft:leather_helmet":1,"minecraft:stone_axe":1,"apocalypsenow:construction_leggings":1},"minecraft:mined":{"minecraft:dark_oak_planks":1,"rocks:pinecone":1,"embellishcraft:air_duct":1,"minecraft:stripped_birch_log":1,"minecraft:grass_block":3,"minecraft:white_concrete":1,"minecraft:spruce_leaves":6,"rocks:rock":1,"minecraft:spawner":3,"minecraft:iron_bars":3,"apocalypsenow:construction_barricade":2,"biomesoplenty:barley":4,"minecraft:stone":17,"minecraft:iron_block":5,"immersiveengineering:craftingtable":1,"immersiveengineering:ore_aluminum":6,"minecraft:cyan_terracotta":2,"minecraft:powder_snow":10,"minecraft:torch":4,"minecraft:crafting_table":2,"createbigcannons:traffic_cone":2,"biomesoplenty:fir_planks":2,"minecraft:campfire":1,"minecraft:sugar_cane":1,"minecraft:iron_door":3,"minecraft:wall_torch":6,"minecraft:redstone_torch":2,"minecraft:spruce_log":9,"biomesoplenty:fir_log":3,"minecraft:grass":7,"embellishcraft:smooth_marble":4,"create:vertical_framed_glass_pane":1,"minecraft:coal_ore":31,"biomesoplenty:fir_leaves":1,"minecraft:dirt":1,"minecraft:cobweb":16,"biomesoplenty:fir_sapling":2,"minecraft:fern":8},"minecraft:custom":{"lootr:looted_stat":36,"minecraft:mob_kills":109,"minecraft:interact_with_crafting_table":13,"minecraft:open_barrel":6,"minecraft:damage_dealt_resisted":59,"minecraft:time_since_death":3826,"minecraft:climb_one_cm":71303,"minecraft:sprint_one_cm":297322,"minecraft:walk_one_cm":587181,"minecraft:drop":11,"minecraft:chair_used":3,"minecraft:damage_dealt_absorbed":240,"minecraft:play_time":176372,"minecraft:deaths":18,"minecraft:sneak_time":6338,"minecraft:walk_under_water_one_cm":297,"minecraft:jump":2733,"minecraft:interact_with_blast_furnace":1,"minecraft:walk_on_water_one_cm":4354,"minecraft:total_world_time":176372,"minecraft:interact_with_furnace":2,"minecraft:stove_opened":9,"minecraft:trashcan_opened":3,"minecraft:sleep_in_bed":2,"minecraft:time_since_rest":3916,"minecraft:damage_taken":4941,"minecraft:damage_dealt":11396,"minecraft:swim_one_cm":1735,"minecraft:fly_one_cm":495430,"minecraft:freezer_opened":4,"minecraft:player_kills":1,"minecraft:open_chest":10,"minecraft:crouch_one_cm":19105,"minecraft:interact_with_smoker":4,"minecraft:fall_one_cm":71618},"minecraft:killed":{"undead_revamp2:thesmoker":5,"alexsmobs:seagull":1,"crittersandcompanions:dragonfly":1,"undead_revamp2:crackleball":5,"zombie_extreme:runner":1,"zombie_extreme:crawler":1,"minecraft:husk":8,"minecraft:zombie":82},"minecraft:dropped":{"minecraft:iron_sword":2,"minecraft:iron_block":1,"farmersdelight:shepherds_pie":1,"farmersdelight:cabbage":2,"contenttweaker:research_paper_3":1,"minecraft:leather_leggings":1,"apocalypsenow:butterfly_knife":1,"tac:9mm_round":40}},"DataVersion":2975}