{"stats":{"minecraft:crafted":{"comforts:sleeping_bag_white":1,"minecraft:leather":4,"minecraft:stone_pickaxe":1,"minecraft:chest":1,"sophisticatedbackpacks:backpack":1,"minecraft:campfire":2,"minecraft:stone_axe":1,"minecraft:air":255,"farmersdelight:beef_patty":3,"biomesoplenty:fir_planks":4,"minecraft:potion":5},"minecraft:used":{"apocalypsenow:butterfly_knife":33,"minecraft:iron_bars":4,"minecraft:spruce_planks":36,"minecraft:chest":7,"minecraft:iron_sword":244,"create:cut_calcite":2,"minecraft:torch":42,"minecraft:carrot":2,"farmersdelight:beef_patty":3,"embellishcraft:smooth_marble":10,"minecraft:wooden_axe":5,"minecraft:cyan_terracotta":3,"apocalypsenow:baseball_bat":14,"embellishcraft:smooth_slate":2,"minecraft:furnace":1,"apocalypsenow:combat_knife":283,"comforts:sleeping_bag_white":2,"minecraft:dark_oak_stairs":1,"minecraft:birch_planks":9,"minecraft:stone_pickaxe":130,"minecraft:wooden_pickaxe":8,"biomesoplenty:fir_planks":35,"farmersdelight:cod_slice":2,"minecraft:crafting_table":7,"minecraft:campfire":2,"embellishcraft:smooth_marble_slab":1,"embellishcraft:smooth_marble_stairs":3,"minecraft:iron_pickaxe":83,"create:sweet_roll":4,"minecraft:stone_axe":23,"minecraft:cobblestone":5,"minecraft:potion":19,"minecraft:smooth_stone_slab":5,"quark:smooth_stone_vertical_slab":1,"minecraft:smooth_stone":1,"minecraft:birch_stairs":1},"minecraft:picked_up":{"create:cut_calcite":1,"minecraft:charcoal":4,"minecraft:crafting_table":2,"minecraft:iron_trapdoor":1,"minecraft:leather_leggings":1,"apocalypsenow:u_sarmy_helmet":1,"minecraft:gold_block":8,"minecraft:potion":6,"quark:gunpowder_sack":8,"embellishcraft:white_steel_door":1,"minecraft:string":141,"minecraft:smooth_stone_slab":14,"embellishcraft:smooth_marble_slab":1,"apocalypsenow:construction_boots":3,"embellishcraft:smooth_basalt":1,"minecraft:smooth_stone":9,"comforts:sleeping_bag_white":2,"minecraft:spruce_planks":2,"minecraft:quartz_stairs":2,"minecraft:sugar_cane":3,"minecraft:chest":2,"minecraft:furnace":1,"apocalypsenow:construction_barricade":1,"minecraft:stick":5,"embellishcraft:smooth_slate":3,"embellishcraft:smooth_marble":28,"minecraft:torch":12,"sophisticatedbackpacks:backpack":1,"minecraft:carrot":1,"apocalypsenow:fire_figther_leggings":1,"minecraft:rotten_flesh":129,"createaddition:barbed_wire":1,"createdeco:cast_iron_trapdoor":2,"minecraft:iron_block":18,"minecraft:cyan_terracotta":8,"minecraft:iron_bars":6,"apocalypsenow:fire_figther_chestplate":2,"minecraft:cobblestone":12,"tac:round45":9,"minecraft:leather_chestplate":3,"minecraft:feather":1,"minecraft:iron_door":3,"minecraft:birch_slab":2,"minecraft:potato":1,"minecraft:smoker":1,"minecraft:birch_planks":9,"biomesoplenty:fir_log":8,"minecraft:flint":1,"contenttweaker:research_paper_3":1,"minecraft:dirt":2,"minecraft:leather_boots":1,"minecraft:bone":136,"apocalypsenow:construction_leggings":2,"minecraft:stone_bricks":4,"apocalypsenow:human_flesh":11,"minecraft:wheat_seeds":1,"minecraft:iron_ingot":3,"zombie_extreme:shelf":1,"apocalypsenow:fire_figther_helmet":3,"minecraft:glass_bottle":3,"tac:9mm_round":49,"minecraft:iron_sword":3,"minecraft:dark_oak_stairs":1,"quark:light_gray_shard":18,"firstaid:plaster":16,"quark:smooth_stone_vertical_slab":1,"minecraft:emerald_block":6,"quark:dark_oak_hedge":1,"embellishcraft:smooth_marble_stairs":3,"minecraft:birch_stairs":1,"minecraft:spruce_sapling":5,"apocalypsenow:thincan":6,"minecraft:spruce_log":26,"minecraft:leather_helmet":1,"ag_day_counter:calendar":1,"quark:oak_hedge":1,"minecraft:white_concrete":2,"quark:gray_shard":2,"minecraft:oak_sapling":1,"apocalypsenow:construction_helmet":1,"minecraft:coal":9},"minecraft:broken":{"minecraft:stone_pickaxe":1},"minecraft:killed_by":{"minecraft:player":1,"alexsmobs:bison":2},"minecraft:mined":{"minecraft:spruce_planks":2,"minecraft:quartz_stairs":2,"embellishcraft:light_gray_couch":2,"minecraft:grass_block":2,"minecraft:white_concrete":1,"zombie_extreme:shelf":1,"minecraft:birch_slab":2,"minecraft:spruce_leaves":2,"ag_day_counter:calendar":1,"embellishcraft:smooth_basalt":5,"minecraft:spawner":25,"create:cut_calcite":1,"comforts:sleeping_bag_white":1,"minecraft:smooth_stone":26,"embellishcraft:smooth_marble_slab":1,"minecraft:spruce_sapling":1,"minecraft:furnace":1,"minecraft:gold_block":8,"minecraft:dark_oak_stairs":1,"minecraft:iron_bars":4,"apocalypsenow:construction_barricade":1,"minecraft:stone":12,"minecraft:iron_block":13,"create:dark_oak_window_pane":4,"minecraft:birch_stairs":1,"quark:smooth_stone_vertical_slab":1,"lootr:lootr_chest":1,"minecraft:cyan_terracotta":18,"createdeco:cast_iron_trapdoor":2,"minecraft:smoker":1,"embellishcraft:smooth_slate":4,"minecraft:crafting_table":2,"minecraft:torch":5,"minecraft:cyan_stained_glass_pane":2,"minecraft:gray_stained_glass":1,"minecraft:chest":1,"embellishcraft:polished_marble":4,"minecraft:campfire":1,"minecraft:iron_door":3,"createaddition:barbed_wire":1,"minecraft:wall_torch":6,"minecraft:birch_planks":9,"minecraft:light_gray_stained_glass":9,"quark:gunpowder_sack":8,"minecraft:spruce_log":3,"minecraft:smooth_stone_slab":12,"minecraft:grass":1,"embellishcraft:smooth_marble":28,"minecraft:coal_ore":9,"quark:oak_hedge":1,"biomesoplenty:fir_leaves":5,"minecraft:cobweb":15,"embellishcraft:smooth_marble_stairs":3,"minecraft:stone_bricks":2,"cfm:cyan_kitchen_counter":2,"minecraft:emerald_block":6,"minecraft:oak_leaves":2,"minecraft:daylight_detector":1},"minecraft:custom":{"lootr:looted_stat":38,"minecraft:mob_kills":158,"minecraft:interact_with_crafting_table":19,"minecraft:damage_dealt_resisted":165,"minecraft:leave_game":1,"minecraft:time_since_death":3888,"minecraft:climb_one_cm":33788,"minecraft:sprint_one_cm":405628,"minecraft:walk_one_cm":470745,"minecraft:drop":39,"minecraft:damage_dealt_absorbed":239,"minecraft:play_time":181234,"minecraft:deaths":13,"minecraft:sneak_time":7801,"minecraft:walk_under_water_one_cm":632,"minecraft:jump":1850,"minecraft:interact_with_blast_furnace":1,"minecraft:drawer_searched":10,"minecraft:walk_on_water_one_cm":830,"minecraft:total_world_time":181234,"minecraft:interact_with_furnace":13,"minecraft:interact_with_loom":2,"minecraft:stove_opened":7,"minecraft:trashcan_opened":1,"minecraft:sleep_in_bed":2,"minecraft:time_since_rest":3915,"minecraft:damage_taken":3969,"minecraft:damage_dealt":16047,"minecraft:swim_one_cm":457,"minecraft:fly_one_cm":416472,"minecraft:freezer_opened":3,"minecraft:player_kills":1,"minecraft:open_chest":18,"minecraft:crouch_one_cm":24271,"minecraft:fall_one_cm":51086},"minecraft:killed":{"undead_revamp2:thesmoker":9,"zombie_extreme:runner":7,"minecraft:husk":16,"undead_revamp2:the_moonflower":4,"minecraft:zombie":118,"zombie_extreme:infected_police":2},"minecraft:dropped":{"apocalypsenow:human_flesh":2,"minecraft:iron_sword":5,"minecraft:glass_bottle":7,"quark:gray_shard":2,"minecraft:leather_helmet":1,"minecraft:stick":2,"quark:light_gray_shard":3,"createdeco:cast_iron_trapdoor":2,"minecraft:potion":6,"minecraft:bone":2,"sophisticatedbackpacks:backpack":1,"minecraft:leather_chestplate":4,"minecraft:leather_boots":2,"minecraft:leather_leggings":2,"firstaid:plaster":35}},"DataVersion":2975}