{"stats":{"minecraft:used":{"apocalypsenow:vodka":1,"apocalypsenow:butterfly_knife":60,"farmersdelight:stove":1,"minecraft:wooden_pickaxe":47,"minecraft:iron_sword":228,"apocalypsenow:survival_axe":28,"minecraft:torch":25,"apocalypsenow:apple_juice":4,"apocalypsenow:orange_juice":2,"embellishcraft:smooth_marble":2,"minecraft:lantern":2,"minecraft:iron_pickaxe":2,"apocalypsenow:open_canned_fish":6,"minecraft:potion":12,"create:bar_of_chocolate":4,"minecraft:smooth_stone":1},"minecraft:broken":{"minecraft:wooden_pickaxe":1,"apocalypsenow:black_motorcycle_helmet_helmet":1},"minecraft:dropped":{"minecraft:iron_sword":1,"apocalypsenow:u_sarmy_chestplate":1,"quark:dark_oak_hedge":1,"car:big_wheel":2,"apocalypsenow:fire_figther_helmet":2,"minecraft:glass_bottle":10,"minecraft:smooth_stone_slab":2,"minecraft:bowl":1,"immersiveengineering:blueprint":2,"minecraft:feather":1,"minecraft:rotten_flesh":7,"embellishcraft:white_steel_door":1,"immersiveengineering:ingot_electrum":5,"minecraft:leather_helmet":1,"apocalypsenow:thincan":6,"minecraft:leather_chestplate":1,"quark:light_gray_shard":6,"immersiveengineering:electron_tube":2,"minecraft:iron_trapdoor":1,"apocalypsenow:construction_boots":1,"car:wheel":2,"apocalypsenow:fire_figther_boots":5,"car:repair_kit":2,"minecraft:leather_leggings":2,"minecraft:stone_bricks":2,"minecraft:iron_bars":2,"tac:9mm_round":2,"minecraft:string":2,"apocalypsenow:vodka":1,"car:engine_3_cylinder":1},"minecraft:mined":{"farmersdelight:cooking_pot":1,"pfm:white_freezer":1,"embellishcraft:sturdy_steel_door":1,"embellishcraft:white_steel_door":1,"minecraft:powder_snow":3,"apocalypsenow:money_block":7,"minecraft:torch":10,"minecraft:blast_furnace":1,"minecraft:gray_stained_glass":1,"ag_day_counter:calendar":1,"minecraft:wall_torch":7,"minecraft:spawner":14,"minecraft:smooth_stone":1,"pfm:basic_toilet":1,"minecraft:light_gray_stained_glass":3,"pfm:white_fridge":1,"embellishcraft:smooth_marble":2,"minecraft:bookshelf":1,"biomesoplenty:fir_leaves":1,"minecraft:lantern":3,"quark:dark_oak_hedge":1,"farmersdelight:stove":1,"minecraft:stone_bricks":2,"minecraft:iron_trapdoor":1,"minecraft:fern":1},"minecraft:custom":{"minecraft:interact_with_furnace":5,"lootr:looted_stat":28,"minecraft:mob_kills":94,"minecraft:interact_with_crafting_table":1,"minecraft:open_barrel":7,"minecraft:stove_opened":5,"minecraft:trashcan_opened":3,"minecraft:time_since_death":29093,"minecraft:sleep_in_bed":1,"minecraft:climb_one_cm":17400,"minecraft:time_since_rest":29126,"minecraft:sprint_one_cm":160524,"minecraft:damage_taken":2411,"minecraft:walk_one_cm":458451,"minecraft:fridge_opened":9,"minecraft:drop":44,"minecraft:damage_dealt":10130,"minecraft:fly_one_cm":165154,"minecraft:freezer_opened":2,"minecraft:player_kills":1,"minecraft:open_chest":10,"minecraft:crouch_one_cm":31092,"minecraft:play_time":108346,"minecraft:deaths":5,"minecraft:sneak_time":8738,"minecraft:jump":946,"minecraft:drawer_searched":11,"minecraft:walk_on_water_one_cm":3827,"minecraft:interact_with_smoker":2,"minecraft:total_world_time":108346,"minecraft:fall_one_cm":21884},"minecraft:picked_up":{"car:wheel":1,"minecraft:chicken":1,"tac:round45":7,"apocalypsenow:fire_figther_boots":5,"minecraft:leather_chestplate":1,"minecraft:feather":2,"minecraft:iron_trapdoor":1,"minecraft:leather_leggings":2,"pfm:white_freezer":1,"embellishcraft:white_steel_door":1,"minecraft:string":58,"minecraft:lantern":2,"minecraft:smooth_stone_slab":2,"minecraft:bone":74,"minecraft:stone_bricks":2,"farmersdelight:cooking_pot":1,"apocalypsenow:human_flesh":3,"minecraft:smooth_stone":1,"apocalypsenow:construction_boots":1,"pfm:basic_toilet":1,"apocalypsenow:fire_figther_helmet":3,"embellishcraft:sturdy_steel_door":1,"tac:9mm_round":21,"minecraft:glass_bottle":7,"minecraft:iron_sword":2,"quark:light_gray_shard":15,"minecraft:stick":2,"apocalypsenow:u_sarmy_chestplate":1,"embellishcraft:smooth_marble":2,"minecraft:torch":14,"minecraft:bowl":1,"quark:dark_oak_hedge":1,"apocalypsenow:black_motorcycle_helmet_helmet":1,"minecraft:blast_furnace":1,"pfm:white_fridge":1,"minecraft:rotten_flesh":95,"ag_day_counter:calendar":1,"apocalypsenow:construction_helmet":1,"quark:gray_shard":4,"farmersdelight:stove":1,"minecraft:coal":2,"minecraft:iron_bars":2},"minecraft:crafted":{"minecraft:air":7,"apocalypsenow:cooked_human_flesh":3},"minecraft:killed":{"minecraft:husk":5,"minecraft:zombie":84,"minecraft:llama":1,"alexsmobs:crow":1,"zombie_extreme:runner":3},"minecraft:killed_by":{"minecraft:husk":1,"minecraft:player":1,"minecraft:llama":1}},"DataVersion":2975}