{
  "comforts:sleeping_bag_light_gray": {
    "criteria": {
      "has_the_recipe": "2024-06-10 21:29:11 +0000"
    },
    "done": true
  },
  "crossbowverhaul:recipes/combat/bolt_netherite": {
    "criteria": {
      "has_feather": "2024-06-10 21:29:12 +0000"
    },
    "done": true
  },
  "minecraft:adventure/walk_on_powder_snow_with_leather_boots": {
    "criteria": {
      "walk_on_powder_snow_with_leather_boots": "2024-06-10 21:52:11 +0000"
    },
    "done": true
  },
  "comforts:hammock_white": {
    "criteria": {
      "has_the_recipe": "2024-06-10 21:29:11 +0000"
    },
    "done": true
  },
  "comforts:hammock_cyan_from_white": {
    "criteria": {
      "has_the_recipe": "2024-06-10 21:29:11 +0000"
    },
    "done": true
  },
  "comforts:hammock_black": {
    "criteria": {
      "has_the_recipe": "2024-06-10 21:29:11 +0000"
    },
    "done": true
  },
  "comforts:sleeping_bag_light_blue": {
    "criteria": {
      "has_the_recipe": "2024-06-10 21:29:11 +0000"
    },
    "done": true
  },
  "comforts:sleeping_bag_lime": {
    "criteria": {
      "has_the_recipe": "2024-06-10 21:29:11 +0000"
    },
    "done": true
  },
  "comforts:sleeping_bag_green_from_white": {
    "criteria": {
      "has_the_recipe": "2024-06-10 21:29:12 +0000"
    },
    "done": true
  },
  "cold_sweat:recipes/thermolith": {
    "criteria": {
      "has_recipe": "2024-06-10 21:29:11 +0000"
    },
    "done": true
  },
  "naturescompass:natures_compass": {
    "criteria": {
      "has_recipe": "2024-06-10 21:29:11 +0000"
    },
    "done": true
  },
  "comforts:sleeping_bag_lime_from_white": {
    "criteria": {
      "has_the_recipe": "2024-06-10 21:29:11 +0000"
    },
    "done": true
  },
  "comforts:sleeping_bag_black_from_white": {
    "criteria": {
      "has_the_recipe": "2024-06-10 21:29:11 +0000"
    },
    "done": true
  },
  "cold_sweat:root": {
    "criteria": {
      "requirement": "2024-06-10 21:29:12 +0000"
    },
    "done": true
  },
  "undead_revamp2:theundeadchallenges": {
    "criteria": {
      "theundeadchallenges": "2024-06-10 21:29:12 +0000"
    },
    "done": true
  },
  "comforts:hammock_light_blue_from_white": {
    "criteria": {
      "has_the_recipe": "2024-06-10 21:29:12 +0000"
    },
    "done": true
  },
  "comforts:sleeping_bag_black": {
    "criteria": {
      "has_the_recipe": "2024-06-10 21:29:11 +0000"
    },
    "done": true
  },
  "comforts:hammock_red_from_white": {
    "criteria": {
      "has_the_recipe": "2024-06-10 21:29:11 +0000"
    },
    "done": true
  },
  "cold_sweat:use_hearth": {
    "criteria": {
      "has_insulation": "2024-06-10 22:30:14 +0000"
    },
    "done": false
  },
  "comforts:hammock_yellow": {
    "criteria": {
      "has_the_recipe": "2024-06-10 21:29:12 +0000"
    },
    "done": true
  },
  "explorerscompass:explorers_compass_cobweb": {
    "criteria": {
      "has_recipe": "2024-06-10 21:29:12 +0000"
    },
    "done": true
  },
  "buildersdelight:root": {
    "criteria": {
      "crafting_table": "2024-06-10 21:29:12 +0000"
    },
    "done": true
  },
  "comforts:hammock_cyan": {
    "criteria": {
      "has_the_recipe": "2024-06-10 21:29:12 +0000"
    },
    "done": true
  },
  "comforts:sleeping_bag_purple": {
    "criteria": {
      "has_the_recipe": "2024-06-10 21:29:12 +0000"
    },
    "done": true
  },
  "lootr:1chest": {
    "criteria": {
      "opened_chest": "2024-06-10 21:32:50 +0000"
    },
    "done": true
  },
  "comforts:hammock_pink_from_white": {
    "criteria": {
      "has_the_recipe": "2024-06-10 21:29:11 +0000"
    },
    "done": true
  },
  "comforts:sleeping_bag_purple_from_white": {
    "criteria": {
      "has_the_recipe": "2024-06-10 21:29:11 +0000"
    },
    "done": true
  },
  "comforts:sleeping_bag_yellow": {
    "criteria": {
      "has_the_recipe": "2024-06-10 21:29:11 +0000"
    },
    "done": true
  },
  "comforts:hammock_light_gray": {
    "criteria": {
      "has_the_recipe": "2024-06-10 21:29:11 +0000"
    },
    "done": true
  },
  "immersiveengineering:main/make_steel": {
    "criteria": {
      "has_item": "2024-06-10 22:55:45 +0000"
    },
    "done": true
  },
  "comforts:hammock_purple": {
    "criteria": {
      "has_the_recipe": "2024-06-10 21:29:11 +0000"
    },
    "done": true
  },
  "comforts:sleeping_bag_orange_from_white": {
    "criteria": {
      "has_the_recipe": "2024-06-10 21:29:11 +0000"
    },
    "done": true
  },
  "comforts:hammock_yellow_from_white": {
    "criteria": {
      "has_the_recipe": "2024-06-10 21:29:11 +0000"
    },
    "done": true
  },
  "comforts:sleeping_bag_blue_from_white": {
    "criteria": {
      "has_the_recipe": "2024-06-10 21:29:11 +0000"
    },
    "done": true
  },
  "parcool:grant_parcool_guide": {
    "criteria": {
      "tick": "2024-06-10 21:29:12 +0000"
    },
    "done": true
  },
  "biomesoplenty:biomesoplenty/root": {
    "criteria": {
      "tundra": "2024-06-10 21:29:17 +0000"
    },
    "done": true
  },
  "comforts:sleeping_bag_green": {
    "criteria": {
      "has_the_recipe": "2024-06-10 21:29:11 +0000"
    },
    "done": true
  },
  "comforts:hammock_lime": {
    "criteria": {
      "has_the_recipe": "2024-06-10 21:29:12 +0000"
    },
    "done": true
  },
  "comforts:sleeping_bag_brown_from_white": {
    "criteria": {
      "has_the_recipe": "2024-06-10 21:29:12 +0000"
    },
    "done": true
  },
  "minecraft:story/iron_tools": {
    "criteria": {
      "iron_pickaxe": "2024-06-10 23:08:04 +0000"
    },
    "done": true
  },
  "comforts:sleeping_bag_white": {
    "criteria": {
      "has_the_recipe": "2024-06-10 21:29:11 +0000"
    },
    "done": true
  },
  "comforts:sleeping_bag_pink": {
    "criteria": {
      "has_the_recipe": "2024-06-10 21:29:11 +0000"
    },
    "done": true
  },
  "comforts:hammock_light_gray_from_white": {
    "criteria": {
      "has_the_recipe": "2024-06-10 21:29:12 +0000"
    },
    "done": true
  },
  "comforts:sleeping_bag_brown": {
    "criteria": {
      "has_the_recipe": "2024-06-10 21:29:11 +0000"
    },
    "done": true
  },
  "comforts:sleeping_bag_gray": {
    "criteria": {
      "has_the_recipe": "2024-06-10 21:29:11 +0000"
    },
    "done": true
  },
  "naturescompass:natures_compass_sapling": {
    "criteria": {
      "has_recipe": "2024-06-10 21:29:11 +0000"
    },
    "done": true
  },
  "crossbowverhaul:recipes/combat/bolt_diamond": {
    "criteria": {
      "has_feather": "2024-06-10 22:13:12 +0000"
    },
    "done": true
  },
  "comforts:sleeping_bag_light_blue_from_white": {
    "criteria": {
      "has_the_recipe": "2024-06-10 21:29:11 +0000"
    },
    "done": true
  },
  "comforts:hammock_light_blue": {
    "criteria": {
      "has_the_recipe": "2024-06-10 21:29:11 +0000"
    },
    "done": true
  },
  "crossbowverhaul:recipes/combat/crossbow_netherite": {
    "criteria": {
      "has_crossbow": "2024-06-10 21:29:12 +0000"
    },
    "done": true
  },
  "comforts:rope_and_nail": {
    "criteria": {
      "has_the_recipe": "2024-06-10 21:29:12 +0000"
    },
    "done": true
  },
  "comforts:hammock_magenta": {
    "criteria": {
      "has_the_recipe": "2024-06-10 21:29:11 +0000"
    },
    "done": true
  },
  "immersiveengineering:main/craft_treatedwood": {
    "criteria": {
      "has_item": "2024-06-10 22:55:53 +0000"
    },
    "done": true
  },
  "cold_sweat:recipes/waterskin": {
    "criteria": {
      "has_recipe": "2024-06-10 21:29:12 +0000"
    },
    "done": true
  },
  "comforts:sleeping_bag_red": {
    "criteria": {
      "has_the_recipe": "2024-06-10 21:29:12 +0000"
    },
    "done": true
  },
  "comforts:sleeping_bag_red_from_white": {
    "criteria": {
      "has_the_recipe": "2024-06-10 21:29:11 +0000"
    },
    "done": true
  },
  "explorerscompass:explorers_compass_cracked_stone_bricks": {
    "criteria": {
      "has_recipe": "2024-06-10 21:29:12 +0000"
    },
    "done": true
  },
  "lootr:root": {
    "criteria": {
      "always_true": "2024-06-10 21:29:12 +0000"
    },
    "done": true
  },
  "ag_day_counter:day_counter_root_advancement": {
    "criteria": {
      "day_counter_root_advancement": "2024-06-10 21:29:12 +0000"
    },
    "done": true
  },
  "minecraft:adventure/kill_a_mob": {
    "criteria": {
      "minecraft:zombie": "2024-06-10 21:47:23 +0000"
    },
    "done": true
  },
  "cold_sweat:recipes/thermometer": {
    "criteria": {
      "has_recipe": "2024-06-10 21:29:11 +0000"
    },
    "done": true
  },
  "comforts:sleeping_bag_magenta_from_white": {
    "criteria": {
      "has_the_recipe": "2024-06-10 21:29:11 +0000"
    },
    "done": true
  },
  "minecraft:story/obtain_armor": {
    "criteria": {
      "iron_leggings": "2024-06-10 22:26:22 +0000"
    },
    "done": true
  },
  "comforts:hammock_magenta_from_white": {
    "criteria": {
      "has_the_recipe": "2024-06-10 21:29:11 +0000"
    },
    "done": true
  },
  "comforts:sleeping_bag_blue": {
    "criteria": {
      "has_the_recipe": "2024-06-10 21:29:11 +0000"
    },
    "done": true
  },
  "comforts:hammock_brown_from_white": {
    "criteria": {
      "has_the_recipe": "2024-06-10 21:29:12 +0000"
    },
    "done": true
  },
  "biomesoplenty:biomesoplenty/all_biomes": {
    "criteria": {
      "muskeg": "2024-06-10 21:43:40 +0000",
      "cold_desert": "2024-06-10 21:43:27 +0000",
      "coniferous_forest": "2024-06-10 22:54:43 +0000",
      "fir_clearing": "2024-06-10 22:41:43 +0000",
      "snowy_fir_clearing": "2024-06-10 21:30:35 +0000",
      "tundra": "2024-06-10 21:29:17 +0000"
    },
    "done": false
  },
  "minecraft:adventure/adventuring_time": {
    "criteria": {
      "minecraft:frozen_river": "2024-06-10 21:43:31 +0000",
      "minecraft:beach": "2024-06-10 22:42:44 +0000",
      "minecraft:river": "2024-06-10 22:41:49 +0000",
      "minecraft:snowy_plains": "2024-06-10 21:54:00 +0000",
      "minecraft:snowy_taiga": "2024-06-10 21:29:12 +0000",
      "minecraft:ice_spikes": "2024-06-10 21:54:03 +0000",
      "minecraft:windswept_gravelly_hills": "2024-06-10 21:41:13 +0000"
    },
    "done": false
  },
  "crossbowverhaul:recipes/combat/bolt_gold": {
    "criteria": {
      "has_feather": "2024-06-10 22:13:12 +0000"
    },
    "done": true
  },
  "comforts:hammock_blue_from_white": {
    "criteria": {
      "has_the_recipe": "2024-06-10 21:29:11 +0000"
    },
    "done": true
  },
  "minecraft:adventure/sleep_in_bed": {
    "criteria": {
      "slept_in_bed": "2024-06-10 22:33:31 +0000"
    },
    "done": true
  },
  "comforts:sleeping_bag_gray_from_white": {
    "criteria": {
      "has_the_recipe": "2024-06-10 21:29:12 +0000"
    },
    "done": true
  },
  "immersiveengineering:multiblocks/multiblocks_root": {
    "criteria": {
      "has_item": "2024-06-10 22:55:45 +0000"
    },
    "done": true
  },
  "cold_sweat:extreme_temps": {
    "criteria": {
      "requirement": "2024-06-10 21:29:12 +0000"
    },
    "done": true
  },
  "comforts:sleeping_bag_orange": {
    "criteria": {
      "has_the_recipe": "2024-06-10 21:29:12 +0000"
    },
    "done": true
  },
  "minecraft:husbandry/root": {
    "criteria": {
      "consumed_item": "2024-06-10 21:32:22 +0000"
    },
    "done": true
  },
  "ag_day_counter:firts_day_advancement": {
    "criteria": {
      "firts_day_advancement": "2024-06-10 21:41:46 +0000"
    },
    "done": true
  },
  "comforts:sleeping_bag_cyan": {
    "criteria": {
      "has_the_recipe": "2024-06-10 21:29:11 +0000"
    },
    "done": true
  },
  "lootr:10loot": {
    "criteria": {
      "loot_stat": "2024-06-10 22:20:30 +0000"
    },
    "done": true
  },
  "comforts:hammock_purple_from_white": {
    "criteria": {
      "has_the_recipe": "2024-06-10 21:29:12 +0000"
    },
    "done": true
  },
  "minecraft:adventure/root": {
    "criteria": {
      "killed_something": "2024-06-10 21:41:34 +0000"
    },
    "done": true
  },
  "explorerscompass:explorers_compass": {
    "criteria": {
      "has_recipe": "2024-06-10 21:29:12 +0000"
    },
    "done": true
  },
  "comforts:sleeping_bag_pink_from_white": {
    "criteria": {
      "has_the_recipe": "2024-06-10 21:29:12 +0000"
    },
    "done": true
  },
  "comforts:hammock_red": {
    "criteria": {
      "has_the_recipe": "2024-06-10 21:29:11 +0000"
    },
    "done": true
  },
  "lootr:social": {
    "criteria": {
      "opened_chest": "2024-06-10 21:32:50 +0000"
    },
    "done": false
  },
  "comforts:hammock_black_from_white": {
    "criteria": {
      "has_the_recipe": "2024-06-10 21:29:11 +0000"
    },
    "done": true
  },
  "farmersdelight:main/root": {
    "criteria": {
      "seeds": "2024-06-10 21:29:12 +0000"
    },
    "done": true
  },
  "comforts:sleeping_bag_yellow_from_white": {
    "criteria": {
      "has_the_recipe": "2024-06-10 21:29:11 +0000"
    },
    "done": true
  },
  "comforts:hammock_gray_from_white": {
    "criteria": {
      "has_the_recipe": "2024-06-10 21:29:11 +0000"
    },
    "done": true
  },
  "minecraft:adventure/kill_all_mobs": {
    "criteria": {
      "minecraft:husk": "2024-06-10 21:51:20 +0000",
      "minecraft:zombie": "2024-06-10 21:47:23 +0000"
    },
    "done": false
  },
  "comforts:hammock_green_from_white": {
    "criteria": {
      "has_the_recipe": "2024-06-10 21:29:11 +0000"
    },
    "done": true
  },
  "comforts:hammock_orange": {
    "criteria": {
      "has_the_recipe": "2024-06-10 21:29:11 +0000"
    },
    "done": true
  },
  "comforts:hammock_lime_from_white": {
    "criteria": {
      "has_the_recipe": "2024-06-10 21:29:11 +0000"
    },
    "done": true
  },
  "comforts:hammock_pink": {
    "criteria": {
      "has_the_recipe": "2024-06-10 21:29:11 +0000"
    },
    "done": true
  },
  "comforts:hammock_orange_from_white": {
    "criteria": {
      "has_the_recipe": "2024-06-10 21:29:12 +0000"
    },
    "done": true
  },
  "comforts:sleeping_bag_magenta": {
    "criteria": {
      "has_the_recipe": "2024-06-10 21:29:12 +0000"
    },
    "done": true
  },
  "comforts:sleeping_bag_cyan_from_white": {
    "criteria": {
      "has_the_recipe": "2024-06-10 21:29:12 +0000"
    },
    "done": true
  },
  "comforts:sleeping_bag_light_gray_from_white": {
    "criteria": {
      "has_the_recipe": "2024-06-10 21:29:12 +0000"
    },
    "done": true
  },
  "create:root": {
    "criteria": {
      "0": "2024-06-10 21:29:12 +0000"
    },
    "done": true
  },
  "naturescompass:natures_compass_log": {
    "criteria": {
      "has_recipe": "2024-06-10 21:29:11 +0000"
    },
    "done": true
  },
  "lootr:25loot": {
    "criteria": {
      "loot_stat": "2024-06-10 23:00:02 +0000"
    },
    "done": true
  },
  "minecraft:story/mine_diamond": {
    "criteria": {
      "diamond": "2024-06-10 22:45:15 +0000"
    },
    "done": true
  },
  "comforts:hammock_brown": {
    "criteria": {
      "has_the_recipe": "2024-06-10 21:29:11 +0000"
    },
    "done": true
  },
  "comforts:hammock_blue": {
    "criteria": {
      "has_the_recipe": "2024-06-10 21:29:12 +0000"
    },
    "done": true
  },
  "comforts:hammock_green": {
    "criteria": {
      "has_the_recipe": "2024-06-10 21:29:11 +0000"
    },
    "done": true
  },
  "minecraft:story/smelt_iron": {
    "criteria": {
      "iron": "2024-06-10 22:52:56 +0000"
    },
    "done": true
  },
  "comforts:hammock_gray": {
    "criteria": {
      "has_the_recipe": "2024-06-10 21:29:12 +0000"
    },
    "done": true
  },
  "crossbowverhaul:recipes/combat/bolt_explosive": {
    "criteria": {
      "has_blazepowder": "2024-06-10 21:29:12 +0000",
      "has_bolt": "2024-06-10 21:29:12 +0000"
    },
    "done": true
  },
  "crossbowverhaul:recipes/combat/bolt_iron": {
    "criteria": {
      "has_feather": "2024-06-10 22:13:12 +0000"
    },
    "done": true
  },
  "cold_sweat:huddle_close": {
    "criteria": {
      "requirement": "2024-06-10 21:32:59 +0000"
    },
    "done": true
  },
  "DataVersion": 2975
}